Detector,E_log,LogCounts,y_calibrated,ydy
# Detector n:            1   Engy_SV,1e-09,0.0,0.019509483035747698,0.0
# Detector n:            1   Engy_SV,1.0391223038351693e-09,0.0,0.0202727389587393,0.0
# Detector n:            1   Engy_SV,1.0797751623277097e-09,0.0,0.02106585521185417,0.0
# Detector n:            1   Engy_SV,1.1220184543019634e-09,0.0,0.021890000000000007,0.0
# Detector n:            1   Engy_SV,1.1659144011798318e-09,0.0,0.022746387230951865,0.0
# Detector n:            1   Engy_SV,1.2115276586285885e-09,0.0,0.023636278303353575,0.0
# Detector n:            1   Engy_SV,1.2589254117941673e-09,0.0,0.02456098396466999,0.0
# Detector n:            1   Engy_SV,1.3081774742601942e-09,0.0,0.02552186624182653,0.0
# Detector n:            1   Engy_SV,1.3593563908785256e-09,0.0,0.026520340447379814,0.0
# Detector n:            1   Engy_SV,1.4125375446227544e-09,0.0,0.027557877264174333,0.0
# Detector n:            1   Engy_SV,1.4677992676220697e-09,0.0,0.02863600491155566,0.0
# Detector n:            1   Engy_SV,1.525222956539019e-09,0.0,0.02975631139633094,0.0
# Detector n:            1   Engy_SV,1.5848931924611136e-09,0.0,0.030920446851792106,0.0
# Detector n:            1   Engy_SV,1.6468978654828686e-09,0.0,0.03213012596824712,0.0
# Detector n:            1   Engy_SV,1.711328304161781e-09,0.0,0.033387130518639146,0.0
# Detector n:            1   Engy_SV,1.7782794100389228e-09,0.0,0.03469331198297379,0.0
# Detector n:            1   Engy_SV,1.847849797422291e-09,0.0,0.03605059427542001,0.0
# Detector n:            1   Engy_SV,1.920141938638802e-09,0.0,0.0374609765781014,0.0
# Detector n:            1   Engy_SV,1.9952623149688795e-09,0.0,0.03892653628575203,0.0
# Detector n:            1   Engy_SV,2.073321573485955e-09,0.0,0.04044943206557396,0.0
# Detector n:            1   Engy_SV,2.154434690031884e-09,0.0,0.04203190703680339,0.0
# Detector n:            1   Engy_SV,2.2387211385683394e-09,0.0,0.04367629207466879,0.0
# Detector n:            1   Engy_SV,2.326305067153626e-09,0.0,0.045385009243607576,0.0
# Detector n:            1   Engy_SV,2.417315480804104e-09,0.0,0.04716057536479796,0.0
# Detector n:            1   Engy_SV,2.5118864315095803e-09,0.0,0.049005605723260987,0.0
# Detector n:            1   Engy_SV,2.610157215682537e-09,0.0,0.0509228179199929,0.0
# Detector n:            1   Engy_SV,2.712272579332028e-09,0.0,0.052915035874801855,0.0
# Detector n:            1   Engy_SV,2.818382931264454e-09,0.0,0.05498519398574474,0.0
# Detector n:            1   Engy_SV,2.9286445646252366e-09,0.0,0.057136341451290755,0.0
# Detector n:            1   Engy_SV,3.043219887107722e-09,0.0,0.05937164676157812,0.0
# Detector n:            1   Engy_SV,3.1622776601683795e-09,0.0,0.06169440236537892,0.0
# Detector n:            1   Engy_SV,3.285993247600655e-09,0.0,0.06410802951964646,0.0
# Detector n:            1   Engy_SV,3.4145488738336017e-09,0.0,0.06661608332878806,0.0
# Detector n:            1   Engy_SV,3.5481338923357554e-09,0.0,0.06922225798108587,0.0
# Detector n:            1   Engy_SV,3.6869450645195754e-09,0.0,0.07193039218997836,0.0
# Detector n:            1   Engy_SV,3.831186849557288e-09,0.0,0.07474447484821757,0.0
# Detector n:            1   Engy_SV,3.981071705534972e-09,0.0,0.07766865090322969,0.0
# Detector n:            1   Engy_SV,4.136820402388508e-09,0.0,0.08070722746233357,0.0
# Detector n:            1   Engy_SV,4.298662347082277e-09,0.0,0.08386468013680906,0.0
# Detector n:            1   Engy_SV,4.466835921509632e-09,0.0,0.0871456596341606,0.0
# Detector n:            1   Engy_SV,4.641588833612779e-09,0.0,0.09055499860828445,0.0
# Detector n:            1   Engy_SV,4.823178482239307e-09,0.0,0.09409771877763108,0.0
# Detector n:            1   Engy_SV,5.011872336272722e-09,0.0,0.09777903832184587,0.0
# Detector n:            1   Engy_SV,5.2079483285954645e-09,0.0,0.1016043795677838,0.0
# Detector n:            1   Engy_SV,5.411695265464637e-09,0.0,0.10557937697621846,0.0
# Detector n:            1   Engy_SV,5.623413251903492e-09,0.0,0.10970988544100996,0.0
# Detector n:            1   Engy_SV,5.843414133735177e-09,0.0,0.11400198891295477,0.0
# Detector n:            1   Engy_SV,6.072021956909886e-09,0.0,0.11846200936102094,0.0
# Detector n:            1   Engy_SV,6.309573444801934e-09,0.0,0.12309651608416748,0.0
# Detector n:            1   Engy_SV,6.556418494179789e-09,0.0,0.12791233538746305,0.0
# Detector n:            1   Engy_SV,6.812920690579614e-09,0.0,0.13291656063675747,0.0
# Detector n:            1   Engy_SV,7.079457843841379e-09,0.0,0.13811656270671438,0.0
# Detector n:            1   Engy_SV,7.356422544596414e-09,0.0,0.14352000083759564,0.0
# Detector n:            1   Engy_SV,7.644222742526002e-09,0.0,0.14913483391678778,0.0
# Detector n:            1   Engy_SV,7.943282347242817e-09,0.0,0.1549693322016879,0.0
# Detector n:            1   Engy_SV,8.254041852680184e-09,0.0,0.16103208950121553,0.0
# Detector n:            1   Engy_SV,8.576958985908942e-09,0.0,0.16733203583389428,0.0
# Detector n:            1   Engy_SV,8.912509381337455e-09,0.0,0.1738784505811453,0.0
# Detector n:            1   Engy_SV,9.261187281287935e-09,0.0,0.1806809761551693,0.0
# Detector n:            1   Engy_SV,9.623506263980886e-09,0.0,0.18774963220154678,0.0
# Detector n:            1   Engy_SV,1e-08,0.0,0.195094830357477,0.0
# Detector n:            1   Engy_SV,1.039122303835169e-08,0.0,0.20272738958739298,0.0
# Detector n:            1   Engy_SV,1.07977516232771e-08,0.0,0.21065855211854176,0.0
# Detector n:            1   Engy_SV,1.1220184543019637e-08,0.0,0.21890000000000012,0.0
# Detector n:            1   Engy_SV,1.1659144011798317e-08,0.0,0.22746387230951862,0.0
# Detector n:            1   Engy_SV,1.2115276586285883e-08,0.0,0.23636278303353572,0.0
# Detector n:            1   Engy_SV,1.2589254117941676e-08,0.0,0.2456098396467,0.0
# Detector n:            1   Engy_SV,1.3081774742601943e-08,0.0,0.2552186624182653,0.0
# Detector n:            1   Engy_SV,1.3593563908785256e-08,0.0,0.2652034044737981,0.0
# Detector n:            1   Engy_SV,1.412537544622754e-08,0.0,0.2755787726417433,0.0
# Detector n:            1   Engy_SV,1.46779926762207e-08,0.0,0.2863600491155567,0.0
# Detector n:            1   Engy_SV,1.525222956539019e-08,0.0,0.2975631139633094,0.0
# Detector n:            1   Engy_SV,1.5848931924611133e-08,0.0,0.309204468517921,0.0
# Detector n:            1   Engy_SV,1.6468978654828684e-08,0.0,0.32130125968247114,0.0
# Detector n:            1   Engy_SV,1.711328304161781e-08,0.0,0.3338713051863914,0.0
# Detector n:            1   Engy_SV,1.7782794100389228e-08,0.0,0.34693311982973785,0.0
# Detector n:            1   Engy_SV,1.847849797422291e-08,0.0,0.36050594275420006,0.0
# Detector n:            1   Engy_SV,1.9201419386388024e-08,0.0,0.3746097657810141,0.0
# Detector n:            1   Engy_SV,1.99526231496888e-08,0.0,0.3892653628575205,0.0
# Detector n:            1   Engy_SV,2.0733215734859554e-08,0.0,0.40449432065573976,0.0
# Detector n:            1   Engy_SV,2.1544346900318832e-08,0.0,0.42031907036803373,0.0
# Detector n:            1   Engy_SV,2.23872113856834e-08,0.0,0.436762920746688,0.0
# Detector n:            1   Engy_SV,2.3263050671536264e-08,0.0,0.4538500924360759,0.0
# Detector n:            1   Engy_SV,2.417315480804104e-08,0.0,0.4716057536479796,0.0
# Detector n:            1   Engy_SV,2.5118864315095798e-08,0.0,0.4900560572326097,0.0
# Detector n:            1   Engy_SV,2.6101572156825374e-08,0.0,0.5092281791999291,0.0
# Detector n:            1   Engy_SV,2.7122725793320284e-08,0.0,0.5291503587480186,0.0
# Detector n:            1   Engy_SV,2.8183829312644534e-08,0.0,0.5498519398574472,0.0
# Detector n:            1   Engy_SV,2.9286445646252358e-08,0.0,0.5713634145129074,0.0
# Detector n:            1   Engy_SV,3.043219887107722e-08,0.0,0.5937164676157813,0.0
# Detector n:            1   Engy_SV,3.162277660168379e-08,0.0,0.6169440236537891,0.0
# Detector n:            1   Engy_SV,3.2859932476006545e-08,0.0,0.6410802951964645,0.0
# Detector n:            1   Engy_SV,3.414548873833603e-08,0.0,0.6661608332878808,0.0
# Detector n:            1   Engy_SV,3.548133892335755e-08,0.0,0.6922225798108587,0.0
# Detector n:            1   Engy_SV,3.686945064519576e-08,0.0,0.7193039218997836,0.0
# Detector n:            1   Engy_SV,3.8311868495572875e-08,0.0,0.7474447484821757,0.0
# Detector n:            1   Engy_SV,3.9810717055349736e-08,0.0,0.7766865090322972,0.0
# Detector n:            1   Engy_SV,4.1368204023885074e-08,0.0,0.8070722746233355,0.0
# Detector n:            1   Engy_SV,4.298662347082277e-08,0.0,0.8386468013680907,0.0
# Detector n:            1   Engy_SV,4.4668359215096306e-08,0.0,0.8714565963416057,0.0
# Detector n:            1   Engy_SV,4.64158883361278e-08,0.0,0.9055499860828448,0.0
# Detector n:            1   Engy_SV,4.823178482239307e-08,0.0,0.9409771877763109,0.0
# Detector n:            1   Engy_SV,5.011872336272723e-08,0.0,0.9777903832184587,0.0
# Detector n:            1   Engy_SV,5.207948328595463e-08,0.0,1.0160437956778376,0.0
# Detector n:            1   Engy_SV,5.411695265464638e-08,0.0,1.0557937697621849,0.0
# Detector n:            1   Engy_SV,5.623413251903491e-08,0.0,1.0970988544100997,0.0
# Detector n:            1   Engy_SV,5.843414133735176e-08,0.0,1.1400198891295474,0.0
# Detector n:            1   Engy_SV,6.072021956909888e-08,0.0,1.1846200936102098,0.0
# Detector n:            1   Engy_SV,6.309573444801934e-08,0.0,1.230965160841675,0.0
# Detector n:            1   Engy_SV,6.556418494179789e-08,0.0,1.2791233538746307,0.0
# Detector n:            1   Engy_SV,6.812920690579612e-08,0.0,1.329165606367574,0.0
# Detector n:            1   Engy_SV,7.079457843841381e-08,0.0,1.381165627067144,0.0
# Detector n:            1   Engy_SV,7.356422544596415e-08,0.0,1.4352000083759566,0.0
# Detector n:            1   Engy_SV,7.644222742526002e-08,0.0,1.4913483391678777,0.0
# Detector n:            1   Engy_SV,7.943282347242814e-08,0.0,1.5496933220168783,0.0
# Detector n:            1   Engy_SV,8.254041852680186e-08,0.0,1.610320895012156,0.0
# Detector n:            1   Engy_SV,8.576958985908941e-08,0.0,1.6733203583389427,0.0
# Detector n:            1   Engy_SV,8.912509381337455e-08,0.0,1.7387845058114528,0.0
# Detector n:            1   Engy_SV,9.261187281287933e-08,0.0,1.8068097615516927,0.0
# Detector n:            1   Engy_SV,9.623506263980888e-08,0.0,1.8774963220154683,0.0
# Detector n:            1   Engy_SV,1.0000000000000001e-07,0.0,1.95094830357477,0.0
# Detector n:            1   Engy_SV,1.039122303835169e-07,0.0,2.0272738958739294,0.0
# Detector n:            1   Engy_SV,1.0797751623277095e-07,0.0,2.1065855211854165,0.0
# Detector n:            1   Engy_SV,1.122018454301963e-07,0.0,2.189,0.0
# Detector n:            1   Engy_SV,1.1659144011798323e-07,0.0,2.274638723095187,0.0
# Detector n:            1   Engy_SV,1.211527658628589e-07,0.0,2.363627830335359,0.0
# Detector n:            1   Engy_SV,1.2589254117941675e-07,0.0,2.4560983964669996,0.0
# Detector n:            1   Engy_SV,1.3081774742601944e-07,0.0,2.552186624182653,0.0
# Detector n:            1   Engy_SV,1.3593563908785258e-07,0.0,2.6520340447379818,0.0
# Detector n:            1   Engy_SV,1.4125375446227541e-07,0.0,2.7557877264174326,0.0
# Detector n:            1   Engy_SV,1.4677992676220693e-07,0.0,2.8636004911555655,0.0
# Detector n:            1   Engy_SV,1.5252229565390184e-07,0.0,2.975631139633093,0.0
# Detector n:            1   Engy_SV,1.5848931924611143e-07,0.0,3.092044685179212,0.0
# Detector n:            1   Engy_SV,1.646897865482869e-07,0.0,3.213012596824713,0.0
# Detector n:            1   Engy_SV,1.7113283041617812e-07,0.0,3.3387130518639143,0.0
# Detector n:            1   Engy_SV,1.778279410038923e-07,0.0,3.4693311982973793,0.0
# Detector n:            1   Engy_SV,1.8478497974222908e-07,0.0,3.6050594275420003,0.0
# Detector n:            1   Engy_SV,1.9201419386388011e-07,0.0,3.746097657810139,0.0
# Detector n:            1   Engy_SV,1.995262314968879e-07,0.0,3.8926536285752023,0.0
# Detector n:            1   Engy_SV,2.0733215734859562e-07,0.0,4.044943206557399,0.0
# Detector n:            1   Engy_SV,2.1544346900318846e-07,0.0,4.20319070368034,0.0
# Detector n:            1   Engy_SV,2.23872113856834e-07,0.0,4.36762920746688,0.0
# Detector n:            1   Engy_SV,2.3263050671536265e-07,0.0,4.538500924360759,0.0
# Detector n:            1   Engy_SV,2.4173154808041036e-07,0.0,4.716057536479795,0.0
# Detector n:            1   Engy_SV,2.5118864315095796e-07,5.030735549746656e-09,4.900560572326096,1.5722023496934293e-15
# Detector n:            1   Engy_SV,2.610157215682536e-07,2.670992627821861e-07,5.092281791999287,9.013282335049168e-14
# Detector n:            1   Engy_SV,2.712272579332027e-07,5.394205145626491e-07,5.291503587480183,1.9654910847030833e-13
# Detector n:            1   Engy_SV,2.818382931264455e-07,8.223956010960479e-07,5.498519398574475,3.23562163944776e-13
# Detector n:            1   Engy_SV,2.928644564625237e-07,1.1164413249425823e-06,5.713634145129077,4.742924259659188e-13
# Detector n:            1   Engy_SV,3.0432198871077227e-07,1.4219907949388744e-06,5.937164676157813,6.522895250027487e-13
# Detector n:            1   Engy_SV,3.1622776601683797e-07,1.7394940641370346e-06,6.169440236537893,8.615885200096898e-13
# Detector n:            1   Engy_SV,3.2859932476006543e-07,2.069418792701424e-06,6.410802951964645,1.1067733025442075e-12
# Detector n:            1   Engy_SV,3.414548873833601e-07,2.4122509367394463e-06,6.661608332878804,1.3930480702493682e-12
# Detector n:            1   Engy_SV,3.5481338923357537e-07,2.7684954640809873e-06,6.922225798108584,1.7263178808693306e-12
# Detector n:            1   Engy_SV,3.686945064519577e-07,3.1386770980608075e-06,7.193039218997839,2.113279423465473e-12
# Detector n:            1   Engy_SV,3.831186849557289e-07,3.523341090399378e-06,7.47444748482176,2.56152328448282e-12
# Detector n:            1   Engy_SV,3.9810717055349735e-07,3.923054024320666e-06,7.7668650903229715,3.079649144683447e-12
# Detector n:            1   Engy_SV,4.1368204023885077e-07,4.338404649089671e-06,8.070722746233356,3.677395520850966e-12
# Detector n:            1   Engy_SV,4.2986623470822767e-07,4.770004747199014e-06,8.386468013680906,4.365785865976333e-12
# Detector n:            1   Engy_SV,4.4668359215096306e-07,5.218490035481882e-06,8.714565963416058,5.1572930660509126e-12
# Detector n:            1   Engy_SV,4.641588833612778e-07,5.684521101478555e-06,9.055499860828442,6.066024623639284e-12
# Detector n:            1   Engy_SV,4.823178482239305e-07,6.1687843764357775e-06,9.409771877763104,7.107931101473272e-12
# Detector n:            1   Engy_SV,5.011872336272725e-07,6.7693291687804634e-06,9.77790383218459,8.422142503065043e-12
# Detector n:            1   Engy_SV,5.207948328595465e-07,1.748550959239366e-05,10.160437956778381,2.3490300888232015e-11
# Detector n:            1   Engy_SV,5.411695265464638e-07,2.8620931682491946e-05,10.557937697621849,4.151713596104489e-11
# Detector n:            1   Engy_SV,5.62341325190349e-07,4.0191997138931824e-05,10.970988544100994,6.295301570417391e-11
# Detector n:            1   Engy_SV,5.843414133735175e-07,5.2215749333855274e-05,11.400198891295473,8.831038960118841e-11
# Detector n:            1   Engy_SV,6.072021956909884e-07,6.470989841538727e-05,11.846200936102091,1.181719323862894e-10
# Detector n:            1   Engy_SV,6.309573444801931e-07,7.769284739344887e-05,12.309651608416743,1.5319972684681916e-10
# Detector n:            1   Engy_SV,6.556418494179792e-07,9.1183719246107e-05,12.791233538746312,1.941456160811599e-10
# Detector n:            1   Engy_SV,6.812920690579616e-07,0.00010520238508638586,13.291656063675752,2.41862871814866e-10
# Detector n:            1   Engy_SV,7.079457843841381e-07,0.00011976949343103176,13.81165627067144,2.9731934357788006e-10
# Detector n:            1   Engy_SV,7.356422544596413e-07,0.0001349065006143367,14.352000083759565,3.616122739912498e-10
# Detector n:            1   Engy_SV,7.644222742526003e-07,0.00016638631171447254,14.913483391678781,4.815719847779815e-10
# Detector n:            1   Engy_SV,7.943282347242813e-07,0.0002178245637257639,15.496933220168781,6.807439737670933e-10
# Detector n:            1   Engy_SV,8.254041852680183e-07,0.00027127519866099143,16.10320895012155,9.154199568203154e-10
# Detector n:            1   Engy_SV,8.576958985908938e-07,0.00032681694557633735,16.73320358338942,1.1908256647988122e-09
# Detector n:            1   Engy_SV,8.912509381337459e-07,0.000384531613590043,17.38784505811454,1.51289575032442e-09
# Detector n:            1   Engy_SV,9.261187281287938e-07,0.0004445042123815253,18.068097615516937,1.8883659761819213e-09
# Detector n:            1   Engy_SV,9.623506263980887e-07,0.0005068230774047125,18.77496322015468,2.324877106078328e-09
# Detector n:            1   Engy_SV,1.0000000000000002e-06,0.0005715800000000002,19.5094830357477,2.8310919618541618e-09
# Detector n:            1   Engy_SV,1.0391223038351692e-06,0.0007431272391249118,20.2727389587393,3.9744173173530486e-09
# Detector n:            1   Engy_SV,1.0797751623277093e-06,0.0009242275931374796,21.065855211854164,5.3373114939345535e-09
# Detector n:            1   Engy_SV,1.122018454301963e-06,0.001112413010224385,21.89,6.936541870403638e-09
# Detector n:            1   Engy_SV,1.1659144011798325e-06,0.001307960674375918,22.746387230951875,8.806533114121258e-09
# Detector n:            1   Engy_SV,1.211527658628589e-06,0.0015111586136586385,23.636278303353585,1.0986356064080669e-08
# Detector n:            1   Engy_SV,1.2589254117941676e-06,0.0017361375531238393,24.560983964669997,1.3628908746563853e-08
# Detector n:            1   Engy_SV,1.3081774742601944e-06,0.0020415003404132053,25.521866241826533,1.73045273894092e-08
# Detector n:            1   Engy_SV,1.3593563908785255e-06,0.0023588096234468583,26.52034044737981,2.15891980414073e-08
# Detector n:            1   Engy_SV,1.4125375446227541e-06,0.002688532776661076,27.557877264174326,2.6570044883959262e-08
# Detector n:            1   Engy_SV,1.4677992676220692e-06,0.0030311554592568294,28.636004911555652,3.234584466429029e-08
# Detector n:            1   Engy_SV,1.5252229565390184e-06,0.003357727215390468,29.75631139633093,3.8689135894756024e-08
# Detector n:            1   Engy_SV,1.584893192461114e-06,0.003655123671226193,30.920446851792118,4.547566185341698e-08
# Detector n:            1   Engy_SV,1.646897865482869e-06,0.003964154961566619,32.13012596824713,5.325506375592583e-08
# Detector n:            1   Engy_SV,1.7113283041617812e-06,0.004285276267942317,33.38713051863915,6.216163730114805e-08
# Detector n:            1   Engy_SV,1.778279410038923e-06,0.004501549998826467,34.69331198297379,7.050810309068862e-08
# Detector n:            1   Engy_SV,1.8478497974222908e-06,0.004548857862247158,36.05059427542,7.693299726238282e-08
# Detector n:            1   Engy_SV,1.9201419386388013e-06,0.004598016518274385,37.46097657810139,8.396806522869748e-08
# Detector n:            1   Engy_SV,1.995262314968879e-06,0.004649098374178838,38.92653628575202,9.167389597671584e-08
# Detector n:            1   Engy_SV,2.073321573485956e-06,0.004690607218212697,40.44943206557398,9.98709896573471e-08
# Detector n:            1   Engy_SV,2.1544346900318848e-06,0.00473278603881658,42.0319070368034,1.0880791553285937e-07
# Detector n:            1   Engy_SV,2.23872113856834e-06,0.004776614992055537,43.6762920746688,1.1857610759454462e-07
# Detector n:            1   Engy_SV,2.3263050671536263e-06,0.0046917302586098044,45.38500924360758,1.257602294955049e-07
# Detector n:            1   Engy_SV,2.4173154808041036e-06,0.004581425637265426,47.16057536479794,1.3260022501350584e-07
# Detector n:            1   Engy_SV,2.5118864315095797e-06,0.0044451634191693444,49.00560572326097,1.389199711112079e-07
# Detector n:            1   Engy_SV,2.610157215682536e-06,0.004130696909815884,50.92281791999289,1.3939064114544909e-07
# Detector n:            1   Engy_SV,2.712272579332027e-06,0.0038039277461375132,52.915035874801845,1.3860403655485437e-07
# Detector n:            1   Engy_SV,2.818382931264455e-06,0.003486745753133543,54.985193985744765,1.3718203252857463e-07
# Detector n:            1   Engy_SV,2.9286445646252375e-06,0.0031705153886548193,57.136341451290775,1.3469148818230187e-07
# Detector n:            1   Engy_SV,3.0432198871077224e-06,0.0028594768368118647,59.37164676157814,1.31168696329047e-07
# Detector n:            1   Engy_SV,3.1622776601683796e-06,0.002567547177267133,61.69440236537893,1.2717313718538647e-07
# Detector n:            1   Engy_SV,3.2859932476006545e-06,0.002292191154963719,64.10802951964645,1.225917143300943e-07
# Detector n:            1   Engy_SV,3.414548873833601e-06,0.0020798172604268913,66.61608332878804,1.2010713218025177e-07
# Detector n:            1   Engy_SV,3.5481338923357534e-06,0.001879685186919724,69.22225798108582,1.1720929980508008e-07
# Detector n:            1   Engy_SV,3.6869450645195774e-06,0.001710890801544194,71.93039218997839,1.1519472101585548e-07
# Detector n:            1   Engy_SV,3.831186849557289e-06,0.001546398202478128,74.7444748482176,1.1242553306926921e-07
# Detector n:            1   Engy_SV,3.981071705534973e-06,0.0013845225580222291,77.66865090322972,1.086868466550481e-07
# Detector n:            1   Engy_SV,4.136820402388508e-06,0.001328773258598096,80.70722746233355,1.1263183646137065e-07
# Detector n:            1   Engy_SV,4.298662347082277e-06,0.0012339018570662972,83.86468013680907,1.1293387686344028e-07
# Detector n:            1   Engy_SV,4.466835921509631e-06,0.001000678744050443,87.14565963416058,9.889438348921429e-08
# Detector n:            1   Engy_SV,4.641588833612778e-06,0.0009251822332774444,90.55499860828442,9.872737048957075e-08
# Detector n:            1   Engy_SV,4.823178482239305e-06,0.0008465388415670106,94.09771877763104,9.754174231740477e-08
# Detector n:            1   Engy_SV,5.011872336272725e-06,0.0006990154327224381,97.7790383218459,8.696884786429534e-08
# Detector n:            1   Engy_SV,5.207948328595465e-06,0.0005604289213487257,101.6043795677838,7.528887802432482e-08
# Detector n:            1   Engy_SV,5.411695265464638e-06,0.0005471622543516233,105.57937697621848,7.9370615739125e-08
# Detector n:            1   Engy_SV,5.623413251903491e-06,0.0005142470842398692,109.70988544100997,8.054689260171093e-08
# Detector n:            1   Engy_SV,5.843414133735175e-06,0.0004601301705170833,114.00198891295473,7.781995881322863e-08
# Detector n:            1   Engy_SV,6.072021956909884e-06,0.0004272206289556023,118.46200936102092,7.80181834854567e-08
# Detector n:            1   Engy_SV,6.3095734448019305e-06,0.000367159898814076,123.09651608416743,7.239893773305722e-08
# Detector n:            1   Engy_SV,6.556418494179793e-06,0.00028926803727367646,127.91233538746314,6.159007526059382e-08
# Detector n:            1   Engy_SV,6.812920690579616e-06,0.00022679850876842591,132.9165606367575,5.2141535202854616e-08
# Detector n:            1   Engy_SV,7.079457843841382e-06,0.00019818622833837828,138.11656270671443,4.919833726246302e-08
# Detector n:            1   Engy_SV,7.3564225445964146e-06,0.0001994323359033717,143.52000083759566,5.3457157486850584e-08
# Detector n:            1   Engy_SV,7.644222742526003e-06,0.00015140381109822297,149.13483391678778,4.3820812579007244e-08
# Detector n:            1   Engy_SV,7.943282347242813e-06,0.0001528444607958199,154.96933220168782,4.776685596461429e-08
# Detector n:            1   Engy_SV,8.254041852680183e-06,0.00012321969508924312,161.03208950121555,4.158056781997571e-08
# Detector n:            1   Engy_SV,8.576958985908938e-06,0.00010453744717626083,167.33203583389422,3.8090397916947764e-08
# Detector n:            1   Engy_SV,8.91250938133746e-06,6.590055445241823e-05,173.87845058114536,2.592782108193046e-08
# Detector n:            1   Engy_SV,9.261187281287937e-06,5.346610207800684e-05,180.68097615516936,2.2713748313484806e-08
# Detector n:            1   Engy_SV,9.623506263980888e-06,4.196924832229346e-05,187.74963220154683,1.9251953775163493e-08
# Detector n:            1   Engy_SV,1e-05,4e-05,195.09483035747698,1.9812393448715213e-08
# Detector n:            1   Engy_SV,1.0391223038351691e-05,2.144890912915547e-05,202.727389587393,1.1471375478260229e-08
# Detector n:            1   Engy_SV,1.0797751623277095e-05,1.667e-05,210.65855211854165,9.626739481111148e-09
# Detector n:            1   Engy_SV,1.122018454301963e-05,2.8410239833806644e-05,218.9,1.771543629426433e-08
# Detector n:            1   Engy_SV,1.1659144011798312e-05,1.69642395280675e-05,227.46387230951854,1.1422066434152849e-08
# Detector n:            1   Engy_SV,1.2115276586285877e-05,1.5129904807220679e-05,236.36278303353564,1.0999674020011279e-08
# Detector n:            1   Engy_SV,1.2589254117941663e-05,7.856935900398244e-06,245.60983964669973,6.1677982957892284e-09
# Detector n:            1   Engy_SV,1.308177474260193e-05,3.333e-06,255.21866241826507,2.8251765942506267e-09
# Detector n:            1   Engy_SV,1.359356390878527e-05,6.667e-06,265.2034044737984,6.102026289503372e-09
# Detector n:            1   Engy_SV,1.4125375446227555e-05,3.333e-06,275.57877264174357,3.2939140771130067e-09
# Detector n:            1   Engy_SV,1.4677992676220705e-05,3.333e-06,286.36004911555676,3.5566866073082232e-09
# Detector n:            1   Engy_SV,1.52522295653902e-05,2.9724565782150058e-08,297.5631139633096,3.424988664019527e-11
# Detector n:            1   Engy_SV,1.584893192461114e-05,0.0,309.20446851792116,0.0
# Detector n:            1   Engy_SV,1.646897865482869e-05,0.0,321.30125968247125,0.0
# Detector n:            1   Engy_SV,1.7113283041617813e-05,1.5102895108486893e-06,333.8713051863915,2.190805514580846e-09
# Detector n:            1   Engy_SV,1.778279410038923e-05,0.0,346.9331198297379,0.0
# Detector n:            1   Engy_SV,1.8478497974222908e-05,0.0,360.5059427542,0.0
# Detector n:            1   Engy_SV,1.9201419386388012e-05,2.6853232593249656e-06,374.60976578101383,4.90388404876282e-09
# Detector n:            1   Engy_SV,1.995262314968879e-05,2.701371831650928e-06,389.26536285752024,5.326737796399902e-09
# Detector n:            1   Engy_SV,2.073321573485954e-05,3.109232177147414e-06,404.4943206557395,6.620083075821912e-09
# Detector n:            1   Engy_SV,2.1544346900318823e-05,3.333e-06,420.3190703680336,7.662649008356625e-09
# Detector n:            1   Engy_SV,2.238721138568338e-05,0.0,436.7629207466876,0.0
# Detector n:            1   Engy_SV,2.326305067153624e-05,0.0,453.8500924360754,0.0
# Detector n:            1   Engy_SV,2.417315480804106e-05,3.333e-06,471.60575364797995,9.64670355827956e-09
# Detector n:            1   Engy_SV,2.5118864315095825e-05,1.748300951142469e-06,490.0560572326102,5.463779274773993e-09
# Detector n:            1   Engy_SV,2.610157215682539e-05,0.0,509.22817919992934,0.0
# Detector n:            1   Engy_SV,2.7122725793320296e-05,0.0,529.1503587480189,0.0
# Detector n:            1   Engy_SV,2.8183829312644552e-05,0.0,549.8519398574476,0.0
# Detector n:            1   Engy_SV,2.9286445646252377e-05,0.0,571.3634145129078,0.0
# Detector n:            1   Engy_SV,3.0432198871077222e-05,0.0,593.7164676157813,0.0
# Detector n:            1   Engy_SV,3.1622776601683795e-05,0.0,616.9440236537893,0.0
# Detector n:            1   Engy_SV,3.2859932476006544e-05,1.8673802298807932e-06,641.0802951964645,9.98718379972265e-09
# Detector n:            1   Engy_SV,3.414548873833601e-05,0.0,666.1608332878803,0.0
# Detector n:            1   Engy_SV,3.5481338923357534e-05,0.0,692.2225798108583,0.0
# Detector n:            1   Engy_SV,3.6869450645195736e-05,0.0,719.3039218997832,0.0
# Detector n:            1   Engy_SV,3.8311868495572856e-05,0.0,747.4447484821752,0.0
# Detector n:            1   Engy_SV,3.9810717055349695e-05,0.0,776.6865090322964,0.0
# Detector n:            1   Engy_SV,4.1368204023885034e-05,0.0,807.0722746233348,0.0
# Detector n:            1   Engy_SV,4.298662347082281e-05,0.0,838.6468013680915,0.0
# Detector n:            1   Engy_SV,4.466835921509635e-05,0.0,871.4565963416065,0.0
# Detector n:            1   Engy_SV,4.6415888336127825e-05,0.0,905.5499860828453,0.0
# Detector n:            1   Engy_SV,4.8231784822393095e-05,0.0,940.9771877763113,0.0
# Detector n:            1   Engy_SV,5.011872336272725e-05,0.0,977.7903832184592,0.0
# Detector n:            1   Engy_SV,5.207948328595465e-05,0.0,1016.043795677838,0.0
# Detector n:            1   Engy_SV,5.411695265464638e-05,0.0,1055.7937697621849,0.0
# Detector n:            1   Engy_SV,5.6234132519034914e-05,0.0,1097.0988544100996,0.0
# Detector n:            1   Engy_SV,5.843414133735175e-05,0.0,1140.0198891295472,0.0
# Detector n:            1   Engy_SV,6.072021956909884e-05,0.0,1184.620093610209,0.0
# Detector n:            1   Engy_SV,6.30957344480193e-05,0.0,1230.9651608416743,0.0
# Detector n:            1   Engy_SV,6.556418494179785e-05,0.0,1279.1233538746296,0.0
# Detector n:            1   Engy_SV,6.812920690579608e-05,0.0,1329.1656063675737,0.0
# Detector n:            1   Engy_SV,7.079457843841374e-05,0.0,1381.1656270671426,0.0
# Detector n:            1   Engy_SV,7.356422544596408e-05,0.0,1435.2000083759553,0.0
# Detector n:            1   Engy_SV,7.64422274252601e-05,0.0,1491.3483391678792,0.0
# Detector n:            1   Engy_SV,7.943282347242821e-05,0.0,1549.6933220168796,0.0
# Detector n:            1   Engy_SV,8.25404185268019e-05,0.0,1610.3208950121566,0.0
# Detector n:            1   Engy_SV,8.576958985908947e-05,0.0,1673.3203583389438,0.0
# Detector n:            1   Engy_SV,8.91250938133746e-05,0.0,1738.784505811454,0.0
# Detector n:            1   Engy_SV,9.261187281287938e-05,0.0,1806.8097615516938,0.0
# Detector n:            1   Engy_SV,9.623506263980888e-05,0.0,1877.4963220154684,0.0
# Detector n:            1   Engy_SV,0.0001,0.0,1950.9483035747699,0.0
# Detector n:            1   Engy_SV,0.0001039122303835169,0.0,2027.2738958739294,0.0
# Detector n:            1   Engy_SV,0.00010797751623277095,0.0,2106.585521185417,0.0
# Detector n:            1   Engy_SV,0.0001122018454301963,0.0,2189.0,0.0
# Detector n:            1   Engy_SV,0.00011659144011798311,0.0,2274.638723095185,0.0
# Detector n:            1   Engy_SV,0.00012115276586285878,0.0,2363.627830335356,0.0
# Detector n:            1   Engy_SV,0.00012589254117941664,0.0,2456.098396466997,0.0
# Detector n:            1   Engy_SV,0.0001308177474260193,0.0,2552.1866241826506,0.0
# Detector n:            1   Engy_SV,0.0001359356390878527,0.0,2652.034044737984,0.0
# Detector n:            1   Engy_SV,0.00014125375446227554,0.0,2755.7877264174354,0.0
# Detector n:            1   Engy_SV,0.00014677992676220708,0.0,2863.6004911555688,0.0
# Detector n:            1   Engy_SV,0.00015252229565390198,0.0,2975.6311396330957,0.0
# Detector n:            1   Engy_SV,0.00015848931924611142,0.0,3092.0446851792117,0.0
# Detector n:            1   Engy_SV,0.00016468978654828688,0.0,3213.012596824712,0.0
# Detector n:            1   Engy_SV,0.0001711328304161781,0.0,3338.713051863914,0.0
# Detector n:            1   Engy_SV,0.0001778279410038923,0.0,3469.331198297379,0.0
# Detector n:            1   Engy_SV,0.0001847849797422291,0.0,3605.0594275420003,0.0
# Detector n:            1   Engy_SV,0.00019201419386388014,0.0,3746.097657810139,0.0
# Detector n:            1   Engy_SV,0.0001995262314968879,0.0,3892.6536285752027,0.0
# Detector n:            1   Engy_SV,0.00020733215734859543,0.0,4044.943206557395,0.0
# Detector n:            1   Engy_SV,0.00021544346900318823,0.0,4203.190703680336,0.0
# Detector n:            1   Engy_SV,0.00022387211385683378,0.0,4367.629207466875,0.0
# Detector n:            1   Engy_SV,0.0002326305067153624,0.0,4538.500924360754,0.0
# Detector n:            1   Engy_SV,0.00024173154808041064,0.0,4716.057536479801,0.0
# Detector n:            1   Engy_SV,0.0002511886431509582,0.0,4900.5605723261015,0.0
# Detector n:            1   Engy_SV,0.00026101572156825384,0.0,5092.281791999293,0.0
# Detector n:            1   Engy_SV,0.000271227257933203,0.0,5291.503587480189,0.0
# Detector n:            1   Engy_SV,0.0002818382931264455,0.0,5498.519398574475,0.0
# Detector n:            1   Engy_SV,0.00029286445646252375,0.0,5713.634145129077,0.0
# Detector n:            1   Engy_SV,0.00030432198871077225,0.0,5937.164676157813,0.0
# Detector n:            1   Engy_SV,0.00031622776601683794,0.0,6169.440236537892,0.0
# Detector n:            1   Engy_SV,0.0003285993247600654,0.0,6410.802951964644,0.0
# Detector n:            1   Engy_SV,0.0003414548873833601,0.0,6661.608332878804,0.0
# Detector n:            1   Engy_SV,0.0003548133892335753,0.0,6922.225798108582,0.0
# Detector n:            1   Engy_SV,0.00036869450645195733,0.0,7193.039218997831,0.0
# Detector n:            1   Engy_SV,0.00038311868495572853,0.0,7474.447484821752,0.0
# Detector n:            1   Engy_SV,0.00039810717055349697,0.0,7766.8650903229645,0.0
# Detector n:            1   Engy_SV,0.0004136820402388503,0.0,8070.722746233346,0.0
# Detector n:            1   Engy_SV,0.0004298662347082281,0.0,8386.468013680915,0.0
# Detector n:            1   Engy_SV,0.00044668359215096354,0.0,8714.565963416066,0.0
# Detector n:            1   Engy_SV,0.0004641588833612783,0.0,9055.499860828453,0.0
# Detector n:            1   Engy_SV,0.00048231784822393094,0.0,9409.771877763113,0.0
